-- phpMyAdmin SQL Dump
-- version 3.2.0.1
-- http://www.phpmyadmin.net
--
-- Serveur: localhost
-- Généré le : Jeu 23 Février 2023 à 09:19
-- Version du serveur: 5.1.36
-- Version de PHP: 5.3.0

SET SQL_MODE="NO_AUTO_VALUE_ON_ZERO";


/*!40101 SET @OLD_CHARACTER_SET_CLIENT=@@CHARACTER_SET_CLIENT */;
/*!40101 SET @OLD_CHARACTER_SET_RESULTS=@@CHARACTER_SET_RESULTS */;
/*!40101 SET @OLD_COLLATION_CONNECTION=@@COLLATION_CONNECTION */;
/*!40101 SET NAMES utf8 */;

--
-- Base de données: `bo2023`
--

-- --------------------------------------------------------

--
-- Structure de la table `courrier_arrive`
--

CREATE TABLE IF NOT EXISTS `courrier_arrive` (
  `id` int(11) NOT NULL AUTO_INCREMENT,
  `number` varchar(255) DEFAULT NULL,
  `ref_envoi` varchar(255) DEFAULT NULL,
  `date_envoie` date DEFAULT NULL,
  `date_arrivee` date DEFAULT NULL,
  `objet` text,
  `type_exp_dest_id` int(11) NOT NULL,
  `destination_arrive_id` int(11) NOT NULL,
  `mode_courrier_id` int(11) NOT NULL,
  `type_courrier_id` int(11) NOT NULL,
  `nature_courrier_id` int(11) NOT NULL,
  `utilisateur_id` int(11) NOT NULL,
  `mission_id` int(11) NOT NULL,
  `ministere_id` int(11) NOT NULL,
  `etablissement_id` int(11) NOT NULL,
  `pays_id` int(11) NOT NULL,
  `etudiant` varchar(255) DEFAULT NULL,
  `date_rep` date DEFAULT NULL,
  `is_rep` int(11) DEFAULT NULL,
  `etat_courrier_id` int(11) NOT NULL,
  `is_lu` int(11) NOT NULL,
  PRIMARY KEY (`id`),
  KEY `courrier_arrive_FI_1` (`type_exp_dest_id`),
  KEY `courrier_arrive_FI_2` (`destination_arrive_id`),
  KEY `courrier_arrive_FI_3` (`mode_courrier_id`),
  KEY `courrier_arrive_FI_4` (`type_courrier_id`),
  KEY `courrier_arrive_FI_5` (`nature_courrier_id`),
  KEY `courrier_arrive_FI_6` (`utilisateur_id`),
  KEY `courrier_arrive_FI_7` (`mission_id`),
  KEY `courrier_arrive_FI_8` (`ministere_id`),
  KEY `courrier_arrive_FI_9` (`etablissement_id`),
  KEY `courrier_arrive_FI_10` (`pays_id`)
) ENGINE=MyISAM DEFAULT CHARSET=utf8 AUTO_INCREMENT=1 ;

--
-- Contenu de la table `courrier_arrive`
--


-- --------------------------------------------------------

--
-- Structure de la table `courrier_depart`
--

CREATE TABLE IF NOT EXISTS `courrier_depart` (
  `id` int(11) NOT NULL AUTO_INCREMENT,
  `number` varchar(255) CHARACTER SET utf8 DEFAULT NULL,
  `date_envoie` date DEFAULT NULL,
  `objet` text CHARACTER SET utf8,
  `type_exp_dest_id` int(11) NOT NULL,
  `destination_arrive_id` int(11) NOT NULL,
  `mode_courrier_id` int(11) NOT NULL,
  `type_courrier_id` int(11) NOT NULL,
  `nature_courrier_id` int(11) NOT NULL,
  `utilisateur_id` int(11) NOT NULL,
  `mission_id` int(11) NOT NULL,
  `ministere_id` int(11) NOT NULL,
  `etablissement_id` int(11) NOT NULL,
  `pays_id` int(11) NOT NULL,
  `etudiant` varchar(255) CHARACTER SET utf8 DEFAULT NULL,
  `is_rep` int(11) DEFAULT NULL,
  `date_rep` date DEFAULT NULL,
  `etat_courrier_id` int(11) NOT NULL,
  `is_lu` int(11) NOT NULL,
  PRIMARY KEY (`id`),
  KEY `courrier_depart_FI_1` (`type_exp_dest_id`),
  KEY `courrier_depart_FI_2` (`destination_arrive_id`),
  KEY `courrier_depart_FI_3` (`mode_courrier_id`),
  KEY `courrier_depart_FI_4` (`type_courrier_id`),
  KEY `courrier_depart_FI_5` (`nature_courrier_id`),
  KEY `courrier_depart_FI_6` (`utilisateur_id`),
  KEY `courrier_depart_FI_7` (`mission_id`),
  KEY `courrier_depart_FI_8` (`ministere_id`),
  KEY `courrier_depart_FI_9` (`etablissement_id`),
  KEY `courrier_depart_FI_10` (`pays_id`)
) ENGINE=MyISAM DEFAULT CHARSET=latin1 AUTO_INCREMENT=1 ;

--
-- Contenu de la table `courrier_depart`
--


-- --------------------------------------------------------

--
-- Structure de la table `destination_arrive`
--

CREATE TABLE IF NOT EXISTS `destination_arrive` (
  `id` int(11) NOT NULL AUTO_INCREMENT,
  `name` varchar(255) CHARACTER SET utf8 DEFAULT NULL,
  PRIMARY KEY (`id`)
) ENGINE=MyISAM  DEFAULT CHARSET=latin1 AUTO_INCREMENT=66 ;

--
-- Contenu de la table `destination_arrive`
--

INSERT INTO `destination_arrive` (`id`, `name`) VALUES
(1, 'DG'),
(2, 'DAG'),
(11, 'DFC'),
(18, 'CUI'),
(20, 'DF'),
(27, 'DRH'),
(59, 'a g'),
(43, 'DCTT'),
(57, 'DCB'),
(45, 'DER'),
(46, 'CPB'),
(56, 'P A'),
(58, 'Autre '),
(50, 'CIL'),
(55, 'ق.ت.ا'),
(52, 'M.A'),
(54, 'LA REGIE');

-- --------------------------------------------------------

--
-- Structure de la table `etat_courrier`
--

CREATE TABLE IF NOT EXISTS `etat_courrier` (
  `id` int(11) NOT NULL,
  `name` varchar(30) COLLATE utf8_bin NOT NULL
) ENGINE=InnoDB DEFAULT CHARSET=utf8 COLLATE=utf8_bin;

--
-- Contenu de la table `etat_courrier`
--

INSERT INTO `etat_courrier` (`id`, `name`) VALUES
(1, 'Urgent'),
(2, 'Normal'),
(3, 'Trés_urgent');

-- --------------------------------------------------------

--
-- Structure de la table `exp_dest_courrier`
--

CREATE TABLE IF NOT EXISTS `exp_dest_courrier` (
  `id` int(11) NOT NULL AUTO_INCREMENT,
  `name` varchar(255) CHARACTER SET utf8 DEFAULT NULL,
  `type_exp_dest_id` int(11) NOT NULL,
  PRIMARY KEY (`id`),
  KEY `exp_dest_courrier_FI_1` (`type_exp_dest_id`)
) ENGINE=MyISAM  DEFAULT CHARSET=latin1 AUTO_INCREMENT=197 ;

--
-- Contenu de la table `exp_dest_courrier`
--

INSERT INTO `exp_dest_courrier` (`id`, `name`, `type_exp_dest_id`) VALUES
(1, 'Accra', 1),
(2, 'Afghanistan (République d''Afghanistan)', 1),
(3, 'Afrique du Sud  (République)', 1),
(4, 'Algérie (République Algérienne Démocratique et Populaire)', 1),
(5, 'Angola', 1),
(6, 'Arabie Saoudite', 1),
(7, 'Athene', 1),
(8, 'Bahreïn', 1),
(9, 'Bangladesh (République. Populaire du)', 1),
(10, 'Belgique (Royaume de Belgique)', 1),
(11, 'Bénin', 1),
(12, 'Bulgarie', 1),
(13, 'Burkina Faso', 1),
(14, 'Burundi', 1),
(15, 'Cameroun', 1),
(16, 'Canada', 1),
(17, 'Cap Vert', 1),
(18, 'Centrafrique (R.C.A.)', 1),
(19, 'Chine', 1),
(20, 'Congo', 1),
(21, 'Congo Démocratique', 1),
(22, 'Corée (République Populaire Démocratique de Corée)', 1),
(23, 'Côte d''Ivoire', 1),
(24, 'Djibouti', 1),
(25, 'E.A.U (Abu Dhabi)', 1),
(26, 'Egypte', 1),
(27, 'Erythrée', 1),
(28, 'Espagne', 1),
(29, 'Ethiopie', 1),
(30, 'France', 1),
(31, 'Gabon', 1),
(32, 'Gambie', 1),
(33, 'Ghana', 1),
(34, 'Guinée', 1),
(35, 'Guinée Bissau', 1),
(36, 'Guinée Equatoriale', 1),
(37, 'Inde (Union indienne)', 1),
(38, 'Indonésie (République)', 1),
(39, 'Irak', 1),
(40, 'Iran', 1),
(41, 'Italie (République italienne)', 1),
(42, 'Jordanie', 1),
(43, 'Kenya', 1),
(44, 'Kirghizstan', 1),
(45, 'Koweït', 1),
(46, 'Liban', 1),
(47, 'Libéria', 1),
(48, 'Libye', 1),
(49, 'Madagascar', 1),
(50, 'Malaisie', 1),
(51, 'Malawi', 1),
(52, 'Mali', 1),
(53, 'Maurice', 1),
(54, 'Mauritanie', 1),
(55, 'Mexique', 1),
(56, 'Mongolie', 1),
(57, 'Mozambique', 1),
(58, 'Namibie', 1),
(59, 'Niger', 1),
(60, 'Nigéria', 1),
(61, 'Pakistan', 1),
(62, 'Palestine', 1),
(63, 'Pérou', 1),
(64, 'Pologne', 1),
(65, 'Portugal', 1),
(66, 'Qatar', 1),
(67, 'Roumanie', 1),
(68, 'Russie', 1),
(69, 'Rwanda (République Rwandaise)', 1),
(70, 'Sao-Tomé et Principe', 1),
(71, 'Sénégal', 1),
(72, 'Serbie et Monténégro (République)', 1),
(73, 'Seychelles (République des Seychelles)', 1),
(74, 'Sierra Leone', 1),
(75, 'Singapour', 1),
(76, 'Somalie  (République Démocratique Somalienne)', 1),
(77, 'Soudan', 1),
(78, 'Sultanat Oman', 1),
(79, 'Syrie', 1),
(80, 'Tanzanie', 1),
(81, 'Tchad', 1),
(82, 'Thaïlande', 1),
(83, 'Togo', 1),
(84, 'Tunisie', 1),
(85, 'Turquie', 1),
(86, 'Ukraine', 1),
(87, 'Union des Comores', 1),
(88, 'U.S.A.', 1),
(89, 'Venezuela', 1),
(90, 'Viêt-nam', 1),
(91, 'Yemen', 1),
(92, 'Zambie', 1),
(93, 'CFIE	Centre de Formation des Inspecteurs de l''Enseignement', 3),
(94, 'COPE	Centre d''Orientation et de Planification de l''Education', 3),
(95, 'CRASTE	Centre Régional Africain des Sciences et Technologie de l''Espace', 3),
(96, 'CPGE	Classes Préparatoires aux Grandes Ecoles', 3),
(97, 'DHH	Dar Al Hadith Al Hassania', 3),
(98, 'ESBA	Ecole Supérieure des Beaux Arts', 3),
(99, 'ESI	Ecole des Sciences de l''Information', 3),
(100, 'EHTP	Ecole Hassania des Travaux Publics', 3),
(101, 'EMI	Ecole Mohammedia d''Ingénieurs', 3),
(102, 'ENAd.	Ecole Nationale d''Administration', 3),
(103, 'ENAg.	Ecole Nationale d''Agriculture', 3),
(104, 'ENAr.	Ecole Nationale d''Architecture', 3),
(105, 'ENCG	Ecole Nationale de Commerce et de Gestion', 3),
(106, 'ENSA	Ecole Nationale des Sciences Appliquées', 3),
(107, 'ENIM	Ecole Nationale d''Industrie Minérale', 3),
(108, 'ENFI	Ecole Nationale Forestière d''Ingénieurs', 3),
(109, 'ENSAM	Ecole Nationale Supérieure d''Arts et Métiers', 3),
(110, 'ENSEM	Ecole Nationale Supérieure d''Electricité et de Mécanique', 3),
(111, 'ENSIAS	Ecole Nationale Supérieure d''Informatique et d''Analyse des Systèmes', 3),
(112, 'ENS	Ecole Normale Supérieure', 3),
(113, 'ESITH	Ecole Supérieure d’Industrie du Textile et de l’Habillement', 3),
(114, 'ESRFT	Ecole Supérieure Roi Fahd de Traduction', 3),
(115, 'IAV	Institut Agronomique et Vétérinaire Hassan II', 3),
(116, 'INASa.	Institut National d''Administration Sanitaire', 3),
(117, 'INAU	Institut National d''Aménagement et d''Urbanisme', 3),
(118, 'INBA	Institut National des Beaux Arts', 3),
(119, 'INSEA	Institut National de Statistique et d''Economie Appliquée', 3),
(120, 'INPT	Institut National des Postes et Télécommunications', 3),
(121, 'INSAP	Institut National des Sciences de l''Archéologie et du Patrimoine', 3),
(122, 'IRFC (CL)	Institut Royal de Formation des Cadres (C.L.)', 3),
(123, 'ISADAC	Institut Supérieur d''Art Dramatique et d''Animation Culturelle', 3),
(124, 'ISCAE	Institut Supérieur de Commerce et d''Administration des Entreprises', 3),
(125, 'ISM	Institut Supérieur de la Magistrature', 3),
(126, 'ISIC	Institut Supérieur de l''Information et de la Communication', 3),
(127, 'ISEM	Institut Supérieur des Etudes Maritimes', 3),
(128, 'ISIT	Institut Supérieur International du Tourisme', 3),
(129, 'FMD.	Faculté de Médecine Dentaire', 3),
(130, 'FMPh.	Faculté de Médecine et de Pharmacie', 3),
(131, 'FPoly.	Faculté Polydisciplinaire', 3),
(132, 'FS	Faculté des Sciences', 3),
(133, 'FST	Faculté des Sciences et Techniques', 3),
(134, 'FCh.	Faculté de la  Chariaa', 3),
(135, 'FLSH	Faculté des Lettres et des Sciences Humaines', 3),
(136, 'FSE	Faculté des Sciences de l''Education', 3),
(137, 'FSE (MAN)	Faculté des Sciences de l''Education (M.A.N)', 3),
(138, 'FSJES	Faculté des Sciences Juridiques, Economiques et Sociales', 3),
(139, 'FLA	Faculté de la Langue Arabe', 3),
(140, 'FOE	Faculté Ossoul Eddine', 3),
(141, 'CFTACM	Centre de Formation des Téchniciens de l''Aéronautique Civile et de la Météorologie', 3),
(142, 'CQA	Centre de Qualification Agricole', 3),
(143, 'CQP	Centre de Qualification Professionnelle', 3),
(144, 'CQPHT	Centre de Qualification Professionnelle Hôtelière et Touristique', 3),
(145, 'CH	Complexe Horticole', 3),
(146, 'EPMT	Ecole Pratique des Mines de Touissat', 3),
(147, 'ENSET	Ecole Normale Supérieure de l''Enseignement Technique', 3),
(148, 'EST	Ecole Supérieure de Technologie', 3),
(149, 'EFS	Etablissement de Formation Secondaire', 3),
(150, 'IFCS	Institut de Formation aux Carrières de Santé', 3),
(151, 'IFTUA	Institut de Formation des Techniciens en Urbanisme et Architecture', 3),
(152, 'IFTSTP	Institut de Formation des Techniciens Spécialisés des Travaux Publics', 3),
(153, 'ITHT	Institut de Technologie Hôtelière et Touristique', 3),
(154, 'IM	Institut des Mines', 3),
(155, 'INCT	Institut National du Cuir et du Textile', 3),
(156, 'INASo.	Institut National de l''Action Sociale', 3),
(157, 'IRFC (CC)	Institut Royal de Formation des Cadres (C.C.)', 3),
(158, 'ISTA	Institut Spécialisé de Technologie Appliquée', 3),
(159, 'ISTAHR	Institut Spécialisé de Technologie Appliquée en Hôtellerie et Restauration', 3),
(160, 'ISTAHT	Institut Spécialisé de Technologie Appliquée Hôtelière et Touristique', 3),
(161, 'ISTPM	Institut Spécialisé de Technologie des Pêches Maritimes', 3),
(162, 'ISGI	Institut Spécialisé de Gestion et d''Informatique', 3),
(163, 'ITAg.	Institut Technique Agricole', 3),
(164, 'ITREF	Institut Technique Royal des Eaux et Forêts', 3),
(165, 'ITSGRT	Institut Technique Spécialisé en Génie Rural et Topographie', 3),
(166, 'IPSMTSGCA	Institut Prince Sidi Mohammed des Techniiciens Spécialisés en Gestion et Commerce Agricole', 3),
(167, 'ITSH	Institut Technique Spécialisé en Horticulture', 3),
(168, 'ITSMAER	Institut Technique Spécialisé en Mécanique Agricole et Equipement Rural', 3),
(169, 'IRTSE	Institut Royal des Techniciens Spécialisés en Elevage', 3),
(170, 'ITA	Institut de Technologie Appliquée', 3),
(171, 'ITPM	Institut de Technologie des Pêches Maritimes', 3),
(172, 'LT	Lycée Technique', 3),
(173, 'CFI	Centre de Formation des Instituteurs', 3),
(174, 'CPR	Centre Pédagogique Régional', 3),
(175, 'IRP	Institut Royal de Police', 3),
(176, 'Stage	Stage', 3),
(177, 'Ministère de la Justice.', 4),
(178, 'Ministère de l’Intérieur.', 4),
(179, 'Ministère des Affaires Etrangères et de la   Coopération.', 4),
(180, 'Ministère des Habous et des Affaires Islamiques.', 4),
(181, 'Ministère de l’Economie et des Finances.', 4),
(182, 'Ministère de l’Equipement et du Transport.', 4),
(183, 'Ministère de l’Habitat, de l’Urbanisme  et de l’Aménagement de l’Espace.', 4),
(184, 'Ministère du Tourisme et de l’Artisanat.', 4),
(185, 'Ministère de l’Energie, des Mines, de l’Eau et de l’Environnement.', 4),
(186, 'Ministère de la Santé.', 4),
(187, 'Ministère de la Jeunesse et des Sports.', 4),
(188, 'Ministère de l’Agriculture et de la Pêche Maritime.', 4),
(189, 'Ministère de l’Education Nationale, de l’Enseignement Supérieur, de la Formation des Cadres et de la Recherche Scientifique.', 4),
(190, 'Ministère de l’Emploi et de la Formation Professionnelle.', 4),
(191, 'Ministère de l’Industrie, du Commerce et des Nouvelles Technologies.', 4),
(192, 'Ministère du Commerce Extérieur.', 4),
(193, 'Ministère du Développement Social, de la Famille et de la Solidarité.', 4),
(194, 'Ministère de la Culture.', 4),
(196, 'Comores', 1);

-- --------------------------------------------------------

--
-- Structure de la table `fonction`
--

CREATE TABLE IF NOT EXISTS `fonction` (
  `id` int(11) NOT NULL AUTO_INCREMENT,
  `name` varchar(255) CHARACTER SET utf8 DEFAULT NULL,
  PRIMARY KEY (`id`)
) ENGINE=MyISAM  DEFAULT CHARSET=latin1 AUTO_INCREMENT=5 ;

--
-- Contenu de la table `fonction`
--

INSERT INTO `fonction` (`id`, `name`) VALUES
(1, 'Directeur Général'),
(2, 'Chef de département'),
(3, 'Chef de service'),
(4, 'Administrateur du bureau d''ordre');

-- --------------------------------------------------------

--
-- Structure de la table `menus`
--

CREATE TABLE IF NOT EXISTS `menus` (
  `id` int(11) NOT NULL,
  `tablename` varchar(30) CHARACTER SET utf8 NOT NULL,
  `title` varchar(50) CHARACTER SET utf8 NOT NULL,
  `Ordre` int(11) NOT NULL,
  `afficher` int(1) NOT NULL
) ENGINE=MyISAM DEFAULT CHARSET=latin1;

--
-- Contenu de la table `menus`
--

INSERT INTO `menus` (`id`, `tablename`, `title`, `Ordre`, `afficher`) VALUES
(1, 'pays', 'Les pays', 1, 0),
(2, 'profil', 'Les profils', 2, 1),
(3, 'fonction', 'Les fonctions', 5, 1),
(4, 'type_courrier', 'Les objets', 3, 1),
(5, 'nature_courrier', 'Les natures de courrier', 4, 1),
(6, 'mode_courrier', 'Les modes du courrier', 8, 1),
(7, 'destination_arrive', 'Les expéditeurs', 6, 1),
(8, 'type_exp_dest', 'Les destinations', 9, 1),
(9, 'exp_dest_courrier', 'exp_dest_courrie', 7, 0);

-- --------------------------------------------------------

--
-- Structure de la table `mode_courrier`
--

CREATE TABLE IF NOT EXISTS `mode_courrier` (
  `id` int(11) NOT NULL AUTO_INCREMENT,
  `name` varchar(255) CHARACTER SET utf8 DEFAULT NULL,
  PRIMARY KEY (`id`)
) ENGINE=MyISAM  DEFAULT CHARSET=latin1 AUTO_INCREMENT=13 ;

--
-- Contenu de la table `mode_courrier`
--

INSERT INTO `mode_courrier` (`id`, `name`) VALUES
(1, 'Courrier porté'),
(2, 'Courrier posté'),
(3, 'SMES'),
(4, 'Fax'),
(5, 'Autre'),
(6, 'Personnel AMCI'),
(12, 'VD');

-- --------------------------------------------------------

--
-- Structure de la table `nature_courrier`
--

CREATE TABLE IF NOT EXISTS `nature_courrier` (
  `id` int(11) NOT NULL AUTO_INCREMENT,
  `name` varchar(255) CHARACTER SET utf8 DEFAULT NULL,
  PRIMARY KEY (`id`)
) ENGINE=MyISAM  DEFAULT CHARSET=latin1 AUTO_INCREMENT=26 ;

--
-- Contenu de la table `nature_courrier`
--

INSERT INTO `nature_courrier` (`id`, `name`) VALUES
(1, 'Note'),
(2, 'Lettre'),
(3, 'Bordereau d''envoi'),
(22, 'Decision'),
(18, 'رسالة'),
(7, 'Société divers '),
(8, 'Bulletin'),
(9, 'Confidentiel'),
(21, 'FACTURE '),
(20, 'ورقة الارسال '),
(14, 'Bon de commande'),
(19, 'مذكرة '),
(23, 'DOCUMENTS ADMINISTRATIVES  '),
(24, 'autre'),
(25, 'Formulaire ');

-- --------------------------------------------------------

--
-- Structure de la table `pays`
--

CREATE TABLE IF NOT EXISTS `pays` (
  `id` int(11) NOT NULL AUTO_INCREMENT,
  `name` varchar(255) CHARACTER SET utf8 DEFAULT NULL,
  PRIMARY KEY (`id`)
) ENGINE=MyISAM  DEFAULT CHARSET=latin1 AUTO_INCREMENT=123 ;

--
-- Contenu de la table `pays`
--

INSERT INTO `pays` (`id`, `name`) VALUES
(1, 'Afghanistan'),
(2, 'Afrique du Sud'),
(3, 'Albanie'),
(4, 'Algérie'),
(5, 'Allemagne'),
(6, 'Angola'),
(7, 'Arabie Saoudite'),
(8, 'Australie'),
(9, 'Bahrein'),
(10, 'Bangladesh'),
(11, 'Belgique'),
(12, 'Bénin'),
(13, 'Bosnie'),
(14, 'Botswana'),
(15, 'Brésil'),
(16, 'Bulgarie'),
(17, 'Burkina Faso'),
(18, 'Burundi'),
(19, 'Cambodge'),
(20, 'Cameroun'),
(21, 'Canada'),
(22, 'Cap Vert'),
(23, 'Chine'),
(24, 'Colombie'),
(25, 'Congo'),
(26, 'Corée'),
(27, 'Côte d''Ivoire'),
(28, 'Croatie'),
(29, 'Danemark'),
(30, 'Djibouti'),
(31, 'Egypte'),
(32, 'Emirats Arabes Unis'),
(33, 'Erythrée'),
(34, 'Espagne'),
(35, 'Etats Unis'),
(36, 'Ethiopie'),
(37, 'Finlande'),
(38, 'France'),
(39, 'Gabon'),
(40, 'Gambie'),
(41, 'Ghana'),
(42, 'Grande Bretagne'),
(43, 'Guinée'),
(44, 'Guinée Bissau'),
(45, 'Guinée Equatoriale'),
(46, 'Haïti'),
(47, 'Handuras'),
(48, 'Hongrie'),
(49, 'Inde'),
(50, 'Indonésie'),
(51, 'Irak'),
(52, 'Iran'),
(53, 'Italie'),
(54, 'Japon'),
(55, 'Jordanie'),
(56, 'Kazakhstan'),
(57, 'Kenya'),
(58, 'Kirghizistan'),
(59, 'Koweït'),
(60, 'Lesotho'),
(61, 'Liban'),
(62, 'Liberia'),
(63, 'Libye'),
(64, 'Luxembourg'),
(65, 'Macédoine'),
(66, 'Madagascar'),
(67, 'Malaisie'),
(68, 'Malawi'),
(69, 'Maldives'),
(70, 'Mali'),
(71, 'Maroc'),
(72, 'Maurice'),
(73, 'Mauritanie'),
(74, 'Mexique'),
(75, 'Mongolie'),
(76, 'Mozambique'),
(77, 'Nederland'),
(78, 'Niger'),
(79, 'Nigeria'),
(80, 'Norvège'),
(81, 'Ouganda'),
(82, 'Pakistan'),
(83, 'Palestine'),
(84, 'Paraguay'),
(85, 'Pays  Bas'),
(86, 'Pérou'),
(87, 'Pologne'),
(88, 'Portugal'),
(89, 'Qatar'),
(90, 'République Centrafricaine'),
(91, 'République Démocratique du Congo'),
(92, 'Roumanie'),
(93, 'Russie'),
(94, 'Rwanda'),
(95, 'Sao-Tome et Principé'),
(96, 'Sénégal'),
(97, 'Serbie'),
(98, 'Seychelles'),
(99, 'Sierra  Leone'),
(100, 'Singapour'),
(101, 'Slovénie'),
(102, 'Somalie'),
(103, 'Soudan'),
(104, 'Suède'),
(105, 'Suisse'),
(106, 'Sultanat de Brunei'),
(107, 'Sultanat Oman'),
(108, 'Swaziland'),
(109, 'Syrie'),
(110, 'Tanzanie'),
(111, 'Tchad'),
(112, 'Thaïlande'),
(113, 'Togo'),
(114, 'Tunisie'),
(115, 'Turquie'),
(116, 'Ukraine'),
(117, 'Union des Comores'),
(118, 'Vietnam'),
(119, 'Yémen'),
(120, 'Zambie'),
(121, 'Union des Comores'),
(122, 'Comores');

-- --------------------------------------------------------

--
-- Structure de la table `profil`
--

CREATE TABLE IF NOT EXISTS `profil` (
  `id` int(11) NOT NULL AUTO_INCREMENT,
  `name` varchar(255) CHARACTER SET utf8 DEFAULT NULL,
  PRIMARY KEY (`id`)
) ENGINE=MyISAM  DEFAULT CHARSET=latin1 AUTO_INCREMENT=26 ;

--
-- Contenu de la table `profil`
--

INSERT INTO `profil` (`id`, `name`) VALUES
(1, 'DG'),
(2, 'DAG'),
(8, 'DET'),
(11, 'DFC'),
(18, 'CUI'),
(22, 'BO'),
(23, 'DF');

-- --------------------------------------------------------

--
-- Structure de la table `type_courrier`
--

CREATE TABLE IF NOT EXISTS `type_courrier` (
  `id` int(11) NOT NULL AUTO_INCREMENT,
  `name` varchar(255) DEFAULT NULL,
  PRIMARY KEY (`id`)
) ENGINE=MyISAM  DEFAULT CHARSET=utf8 AUTO_INCREMENT=211 ;

--
-- Contenu de la table `type_courrier`
--

INSERT INTO `type_courrier` (`id`, `name`) VALUES
(1, 'ترشيح'),
(2, 'Ordre de mission'),
(3, 'Bon de commande'),
(4, 'Absence'),
(5, 'Accorde de Coopération '),
(6, 'Accréditation'),
(7, 'accueil'),
(8, 'Accident de travail'),
(9, 'Affectation'),
(10, 'Candidature'),
(11, 'Appui financier '),
(12, 'appel au personnel'),
(13, 'Transfert '),
(14, 'Hébergement '),
(15, 'autorisation d''Inscription  '),
(16, 'Autre '),
(17, 'Attestation de change '),
(18, 'Attestation de domiciliation de salaire '),
(19, 'Attestation de don '),
(20, 'Attestation de salaire '),
(21, 'Attestation de  travail et de salaire '),
(22, 'Attestation de  travail '),
(23, 'avenants '),
(24, 'Avis '),
(25, 'Certificat medical '),
(26, 'changement  de ville '),
(27, 'changement  de filière '),
(28, 'changement  N° de passeport '),
(29, 'Commission mixte '),
(30, 'Compte rendu '),
(31, 'Concours '),
(32, 'Conférence  '),
(33, 'Confidentiel  '),
(34, 'Convention  '),
(35, 'Déblocage '),
(36, 'Décision '),
(37, 'Déclaration '),
(38, 'Délivrance de diplôme  '),
(39, 'Adhésion '),
(40, 'Affiliation '),
(41, 'Information '),
(42, 'Duplicata '),
(43, 'Soutien '),
(44, 'Stage '),
(45, 'Entretien '),
(46, 'Equipement '),
(47, 'Etat cotisations '),
(48, 'Etat paiement '),
(49, 'Etat de vacation '),
(50, 'Etat de virement '),
(51, 'Etat de précomptes '),
(52, 'Exposition  '),
(53, 'Facilité de sortie du territoire marocain '),
(54, 'Formation'),
(55, 'Formulaire '),
(56, 'Hospitalisation '),
(57, 'immatriculation  '),
(58, 'Invitation  '),
(59, 'Election '),
(60, 'Liste '),
(61, 'Liste des étudiants inscrits '),
(62, 'Mise e disposition  '),
(63, 'Mise en oeuvre   '),
(64, 'Mission    '),
(65, 'Offre de bourse '),
(66, 'Offre  '),
(67, 'Orientation '),
(78, 'Rappel '),
(69, 'Réorientation '),
(70, 'Place pédagogique  '),
(71, 'Partenariat '),
(72, 'Prise en charge '),
(73, 'Prise de service  '),
(74, 'Programme '),
(75, 'Projet '),
(76, 'Prolongation '),
(77, 'Proposition '),
(79, 'Rapport '),
(80, 'Recensement  '),
(81, 'Réception    '),
(82, 'Réclamation '),
(83, 'Recommandation  '),
(84, 'Recrutement '),
(85, 'Règlement '),
(86, 'Régularisation '),
(87, 'Réinscription '),
(88, 'Remboursement  '),
(89, 'Remerciement '),
(90, 'Remplacement '),
(91, 'Remise '),
(92, 'Rendez-vous '),
(93, 'Rénovation  '),
(94, 'Semaine culturel '),
(95, 'Séminaire  '),
(96, 'Situation '),
(97, 'Subvention '),
(98, 'Transmission '),
(99, 'Visite '),
(100, 'Réunion'),
(101, 'Coopération'),
(102, 'عملية السكن الصيفي'),
(103, 'Ordre Virement'),
(104, 'FACTURE '),
(105, 'طلب معلومات'),
(106, 'DEMANDE DES INFORMATION '),
(107, 'التاكد من صحة البايانات '),
(108, 'قائمة طلبة '),
(109, 'Dossier de candidature '),
(110, 'Dossier d''inscription '),
(111, 'Retour des Dossiers'),
(112, 'الاذن بالتغيب'),
(113, 'Mise à la disposition'),
(114, 'تعويض'),
(115, 'BOURSE '),
(116, 'طلب منحة دراسية '),
(117, 'APPUI'),
(118, 'التبادل الطلابي '),
(119, 'Billet d''avion '),
(120, 'تعذر التسجيل'),
(121, 'ملف التسجيل '),
(122, 'استكمال ملف'),
(123, 'المقاعد المخصصة للطلبة'),
(124, 'versement '),
(125, 'verement '),
(126, 'pli'),
(127, 'رخصة التسجيل'),
(128, 'demande d''autorisation '),
(129, 'طلب رخصة '),
(130, 'Augmentation '),
(131, 'الوضعية المالية'),
(132, 'Complément'),
(133, 'Demande de Congé'),
(134, 'Mise à la retraite'),
(135, 'معادلة شهادة'),
(136, 'certificat de l''équation'),
(137, 'Fonds d''Appui'),
(138, 'Attestation'),
(139, 'frais de vacation'),
(140, 'Paiment'),
(141, 'aide financier '),
(142, 'الدورة العالمية '),
(143, 'الدورة الربيعية '),
(144, 'الدورة الصيفية  '),
(145, 'مجلس تاديبي '),
(146, 'استدعاء'),
(147, 'ADMISSION'),
(148, 'bulletins d''évaluation '),
(149, 'Organisation '),
(150, 'TRADUCTION'),
(151, 'Bulletin'),
(152, 'Cotisation '),
(153, 'authentification '),
(154, 'autorisation '),
(155, 'Réservation '),
(156, 'prorogation'),
(157, 'ANNULATION'),
(158, 'mise a niveau'),
(159, 'DIPLÔME '),
(160, 'اعتداء'),
(161, 'Approvisionnement'),
(162, 'دورة تدريبية '),
(163, 'FINANCEMENT '),
(164, 'redevance '),
(165, 'RESTRUCTURATION '),
(166, 'مساعدة'),
(167, 'révision '),
(168, 'livraison'),
(169, 'Conversion'),
(170, 'شكاية '),
(171, 'Complaint'),
(172, 'don'),
(173, 'célébration'),
(174, 'عملية السكن '),
(175, 'décés'),
(176, 'visa'),
(177, 'procès verbal '),
(178, 'قرار'),
(179, 'اشعار '),
(180, 'confirance '),
(181, 'résultats '),
(182, 'ETUDE '),
(183, 'Arrivée des étudaints '),
(184, 'réaffectation'),
(185, 'مقابلة '),
(186, 'لقاء '),
(187, 'couverture sanitaire '),
(188, 'changement '),
(189, 'arrivée'),
(190, 'résiliation'),
(191, 'réasiliation'),
(192, 'restituation '),
(193, 'حادثة شغل'),
(194, 'CONTROLE '),
(195, 'accés '),
(196, 'اجتماع'),
(197, 'rencontre '),
(198, 'تهنئة'),
(199, 'confirmation'),
(200, 'منحة دراسية '),
(201, 'تحويل '),
(202, 'désistement '),
(203, 'facilités d''accés'),
(204, 'LIQUIDATION'),
(205, 'inscription'),
(206, 'élimination '),
(207, 'تنظيم'),
(208, 'ABANDON'),
(209, 'REPORT'),
(210, 'itinéraire ');

-- --------------------------------------------------------

--
-- Structure de la table `type_exp_dest`
--

CREATE TABLE IF NOT EXISTS `type_exp_dest` (
  `id` int(11) NOT NULL AUTO_INCREMENT,
  `name` varchar(255) CHARACTER SET utf8 DEFAULT NULL,
  PRIMARY KEY (`id`)
) ENGINE=MyISAM  DEFAULT CHARSET=latin1 AUTO_INCREMENT=483 ;

--
-- Contenu de la table `type_exp_dest`
--

INSERT INTO `type_exp_dest` (`id`, `name`) VALUES
(1, 'السيد عميد كلية الاداب والعلوم الانسانية- المحمدية-'),
(2, 'Personnel AMCI'),
(3, 'AMBASSADE : AFGHANISTANE-Non résident'),
(4, 'AMBASSADE : Albanie - Non résident'),
(5, 'AMBASSADE : Algerie - Rabat-'),
(6, 'AMBASSADE : Allemgne - Rabat -'),
(7, 'AMBASSADE : Andorre - Non résident '),
(8, 'AMBASSADE : Angola - Rabat-'),
(9, 'AMBASSADE : Arabie Saoudite - Rabat-'),
(10, 'AMBASSADE : Arentine -Rabat -'),
(11, 'AMBASSADE : Armenie - Non résident '),
(12, 'AMBASSADE : Autriche - Rabat -'),
(13, 'AMBASSADE : Aderbaidjan - Non résident -'),
(14, 'AMBASSADE : Bahrein - Rabat -'),
(15, 'AMBASSADE : Bangladesh - Rabat -'),
(16, 'AMBASSADE : Belgique - Rabat -'),
(17, 'AMBASSADE : Benin - Rabat -'),
(18, 'AMBASSADE : Bolivie - Rabat -'),
(19, 'AMBASSADE : Bosni - Non résident -'),
(20, 'AMBASSADE : Bresil - RABAT -'),
(21, 'AMBASSADE : Brunei -  Rabat -'),
(22, 'AMBASSADE : Bulgarie - Darussalam - Non résident'),
(23, 'AMBASSADE : Bulgarie - Rabat-'),
(24, 'AMBASSADE : Burkina Faso - Rabat-'),
(25, 'AMBASSADE : Burundi - Rabat -'),
(26, 'AMBASSADE : Cameroun  - Rabat -'),
(27, 'AMBASSADE : Canada  - Rabat -'),
(28, 'AMBASSADE : Centrafrique  - Rabat  -'),
(29, 'AMBASSADE : Chili  - Rabat  -'),
(30, 'AMBASSADE : Chine  - Rabat  -'),
(31, 'AMBASSADE : Chiypre  - Non résident   -'),
(32, 'AMBASSADE : Colombie   - Non résident   -'),
(33, 'AMBASSADE : Comores   - Non résident   -'),
(34, 'AMBASSADE : Congo   - Rabat  -'),
(35, 'AMBASSADE : Coree du Nord   - Non résident -'),
(36, 'AMBASSADE : Coree du Sud   - Rabat -'),
(37, 'AMBASSADE : Costa Rica  - Non résident  -'),
(38, 'AMBASSADE : Croatie  - Rabat -'),
(39, 'AMBASSADE : Danmark  - Rabat -'),
(40, 'AMBASSADE : Djibouti  '),
(41, 'AMBASSADE : Dominique - Non résident  -'),
(42, 'AMBASSADE : Egypte- Rabat  -'),
(43, 'AMBASSADE : El Salvador - Non résident  -'),
(44, 'AMBASSADE : Emirats Arabes unis  - Rabat   -'),
(45, 'AMBASSADE : Erythree  - Non résident -'),
(46, 'AMBASSADE : Espagne  - Rabat -'),
(47, 'AMBASSADE : Estonie   - Non résident  -'),
(48, 'AMBASSADE : Ethiope - Non résident -'),
(49, 'AMBASSADE : Finlande  - Rabat  -'),
(50, 'AMBASSADE : France   - Rabat  -'),
(51, 'AMBASSADE : Gabon   - Rabat  -'),
(52, 'AMBASSADE : Gambie   - Rabat  -'),
(53, 'AMBASSADE : Ghana   - Rabat  -'),
(54, 'AMBASSADE : Grande Bretagne   - Rabat  -'),
(55, 'AMBASSADE : Grece    - Rabat  -'),
(56, 'AMBASSADE : Guatemala  -Non résident -'),
(57, 'AMBASSADE : Guinee Equatoriale  -Rabat  -'),
(58, 'AMBASSADE : Guinee-Bissau   -Rabat  -'),
(59, 'AMBASSADE : Honduras    -Non résident  -'),
(60, 'AMBASSADE : Inde    -Rabat  -'),
(61, 'AMBASSADE : Indonesie   -Rabat  -'),
(62, 'AMBASSADE : Irland  -Rabat  -'),
(63, 'AMBASSADE : Irland  -Non résident  -'),
(64, 'AMBASSADE : Islande   -Non résident  -'),
(65, 'AMBASSADE : Italie   -Non résident  -'),
(66, 'AMBASSADE : Japon   -Rabat  -'),
(67, 'AMBASSADE : Jordanie  -Rabat  -'),
(68, 'AMBASSADE : Kazakhstan  -Non résident -'),
(69, 'AMBASSADE : Kenya -Non résident -'),
(70, 'AMBASSADE : Koweit - Rabat  -'),
(71, 'AMBASSADE : laos - Non résident  -'),
(72, 'AMBASSADE : lesotho  - Non résident  -'),
(73, 'AMBASSADE : lettonie  - Non résident  -'),
(74, 'AMBASSADE : liban  - Rabat  -'),
(75, 'AMBASSADE : liberia  - Rabat  -'),
(76, 'AMBASSADE : lituanie - Non résident  -'),
(77, 'AMBASSADE : lybie - Rabat -'),
(78, 'AMBASSADE : Madagascar - Non résident  -'),
(79, 'AMBASSADE : Malisie  - Rabat   -'),
(80, 'AMBASSADE : Malawi   - Non résident    -'),
(81, 'AMBASSADE : Mali   - Rabat    -'),
(82, 'AMBASSADE : Malte - Non résident    -'),
(83, 'AMBASSADE : Mauritanie  - Rabat   -'),
(84, 'AMBASSADE : Mexique   - Rabat   -'),
(85, 'AMBASSADE : Moldavie   - Non résident  -'),
(86, 'AMBASSADE : Mozambique    - Non résident  -'),
(87, 'AMBASSADE : Myanmar     - Non résident  -'),
(88, 'AMBASSADE : Nepal      - Non résident  -'),
(89, 'AMBASSADE : Nicaragua     - Non résident  -'),
(90, 'AMBASSADE : Niger     - Rabat   -'),
(91, 'AMBASSADE : Norvege     - Rabat   -'),
(92, 'AMBASSADE : Nouvelle- Zelande - Non résident -        -'),
(93, 'AMBASSADE : Oman - Rabat -        -'),
(94, 'AMBASSADE : Oman - Rabat -        '),
(95, 'AMBASSADE : Ordre Souverian Militaire de Malte  - Rabat -        '),
(96, 'AMBASSADE : Ouganda  - Non résident -'),
(97, 'AMBASSADE : Pakistan  - Rabat -'),
(98, 'AMBASSADE : Palestine - Rabat -'),
(99, 'AMBASSADE : Panama - Non résident -'),
(100, 'AMBASSADE : paraguay  - Non résident -'),
(101, 'AMBASSADE : Philippines  - Non résident -'),
(102, 'AMBASSADE : Pologne   -Rabat -'),
(103, 'AMBASSADE : Portugal - Rabat -'),
(104, 'AMBASSADE : Quatar - Rabat -'),
(105, 'AMBASSADE : Republique de Serbie - Rabat -'),
(106, 'AMBASSADE : Russie - Rabat -'),
(107, 'AMBASSADE : Rwanda - Non résident -'),
(108, 'AMBASSADE : Saint Marin - Non résident -'),
(109, 'AMBASSADE : Saint Siege - Non résident -'),
(110, 'AMBASSADE : Sao Tome-Et- Princan- Non résident -'),
(111, 'AMBASSADE : Senegal - Rabat  -'),
(112, 'AMBASSADE : Seychelles  -Non résident  -'),
(113, 'AMBASSADE : Sierra Leone   -Non résident  -'),
(114, 'AMBASSADE : Singapour   -Non résident  -'),
(115, 'AMBASSADE : Slovaquie  -Non résident  -'),
(116, 'Ministère premier/ Chef de gouvernement  '),
(117, 'Ministère de L’intérieur '),
(118, 'Ministère des affaires étrangères et de la coopération '),
(139, 'Monsieur l''Ambassadeur ,Directeur des Affaires Africaines-Ministére-'),
(120, 'Ministère des habous et des affaires islamique '),
(121, 'Ministère  de l’éducation nationale  et de la formation professionnelle '),
(122, 'Ministère de l urbanisme et de l''aménagement du territoire national '),
(123, 'Ministère de l’éducation nationale et de la formation professionnelle '),
(124, 'Ministère de l’équipement , du transport et de la logistique '),
(125, 'Ministère de la jeunesses et des sports '),
(126, 'Ministère de la santé '),
(127, 'Ministère de la communication '),
(128, 'Ministère de tourisme  '),
(129, 'Ministère de la solidarité, de la femme, de la famille et du développement social  '),
(130, 'Ministère de la culture '),
(131, 'Banque populaire - Rabat -'),
(132, 'Direction de la coopération et du partenariat'),
(225, 'AMBASSADE DU MAROC :  ROMAINE - BUCAREST '),
(134, 'Ministère de l’agriculture et de la pêche maritime  '),
(135, 'Ministére de l''Economie et des Finances'),
(136, 'Ministère de l''enseignement supérieur de la recherche scientifique  et de la formation des cadres  '),
(137, 'ISCAE / institut supérieur de commerces et d''administration des entreprises  '),
(138, 'Monsieur le Directeur de l''Institut de Formation Portuaire'),
(140, 'السيد الكاتب العام لوزارة الصحة'),
(141, 'السيد والي الامن - الرباط -'),
(142, 'Ministère de l’industrie, du commerce de l’investissement et de l’économie numérique '),
(143, 'Ministère de l’énergie des mines de l''eaux et de envenimement '),
(144, 'Tresorerie Générale du Royaume'),
(145, 'Société BEST-MARK-RABAT'),
(146, 'Monsieur le Directeur des Affaires Juridiques et Traités'),
(147, 'Monsieur le Chargé d''Affaires a.i Ambassade du Royaume du Maroc -pretoria-'),
(148, 'AMEDEST'),
(149, 'جامعة محمد الخامس - كلية علوم التربية '),
(150, ' Université Mohammed V -souissi / Faculté des sciences de l’éducation '),
(151, 'السيد عميد كلية علوم التربية'),
(152, 'Etudiant '),
(153, 'Confidentiel'),
(154, 'ROYAL AIR MAROC '),
(155, 'الخطوط الملكية المغربية '),
(156, 'Ambassade du Maroc : Conakry'),
(157, 'Ambassade du Maroc : Guinée - Conakry-'),
(158, 'AMBASSADE DU MAROC : AFRIQUE DU SUD - PRETORIA '),
(159, 'AMBASSADE DU MAROC : ALGÉRIE-ALGÉRIE '),
(160, 'AMBASSADE DU MAROC : ALLEMAGNE - BERLIN '),
(161, 'AMBASSADE DU MAROC : ANGOLA - LUANDA '),
(162, 'AMBASSADE DU MAROC : ARABIE SAOUDITE -RIYAD '),
(163, 'AMBASSADE DU MAROC : ARGENTINE - BUENOS AIRES '),
(164, 'AMBASSADE DU MAROC : AUSTRALIE - CANBERRA  '),
(165, 'AMBASSADE DU MAROC : AUTRICHE - VIENNE '),
(166, 'AMBASSADE DU MAROC : AZERBAÏDJAN- BAKOU '),
(167, 'AMBASSADE DU MAROC : BAH-REIN- MANAMA  '),
(168, 'AMBASSADE DU MAROC : BANGLADESH -dhaka '),
(169, 'AMBASSADE DU MAROC : BELGIQUE - BRUXELLES '),
(170, 'AMBASSADE DU MAROC : BRÉSIL- BRASÍLIA  '),
(171, 'AMBASSADE DU MAROC : BULGARIE- SOFIA   '),
(172, 'AMBASSADE DU MAROC : BURKINA FASO -OUAGADOUGOU    '),
(173, 'AMBASSADE DU MAROC : CAMEROUN -YAOUNDÉ '),
(174, 'AMBASSADE DU MAROC : CANADA- OTTAWA'),
(175, 'AMBASSADE DU MAROC : CENTRAFRIQUE -BANGUI  '),
(176, 'AMBASSADE DU MAROC : CHILI - SANTIAGO '),
(177, 'AMBASSADE DU MAROC : CHINE - PÉKIN '),
(178, 'AMBASSADE DU MAROC : COLOMBIE - BOGOTÁ '),
(179, 'AMBASSADE DU MAROC : CONGO - KINCHASSA   '),
(180, 'AMBASSADE DU MAROC : CORÉE DU SUD  - SEOUL'),
(181, 'AMBASSADE DU MAROC : COTE -D''IVOIRE - ABIDJAN '),
(182, 'AMBASSADE DU MAROC : DANEMARK - COPENHAGUE '),
(183, 'AMBASSADE DU MAROC : EGYPTE-  LE CAIRE '),
(184, 'AMBASSADE DU MAROC : EMIRATS ARABES UNIS- ABU DHABI'),
(185, 'AMBASSADE DU MAROC : ESPAGNE - MADRID '),
(186, 'AMBASSADE DU MAROC : ETATS UNIS D’ AMÉRIQUE   NEW YORK '),
(187, 'AMBASSADE DU MAROC : ETHIOPIE - ADISSE ABEBA   '),
(188, 'AMBASSADE DU MAROC : FINLANDE - HELSINKI '),
(189, 'AMBASSADE DU MAROC : FRANCE- PARIS '),
(190, 'AMBASSADE DU MAROC : GABON - LIBREVILLE '),
(191, 'AMBASSADE DU MAROC : GHANA - ACCRA '),
(192, 'AMBASSADE DU MAROC : GRANDE BRETAGNE - LONDRES  '),
(193, 'AMBASSADE DU MAROC :  GERCE -  ATHÈNES  '),
(194, 'AMBASSADE DU MAROC :  GUINÉE - CONAKRY '),
(195, 'AMBASSADE DU MAROC :  GUINÉE- EQUATORIALE -MALABO '),
(196, 'AMBASSADE DU MAROC :  HONGRIE -BUDAPEST '),
(197, 'AMBASSADE DU MAROC :  INDE - NEW DELHI '),
(198, 'AMBASSADE DU MAROC :  IRAK - BAGDAD '),
(199, 'AMBASSADE DU MAROC :  IRLANDE - DUBLIN '),
(200, 'AMBASSADE DU MAROC : INDONÉSIE - DJAKARTA'),
(201, 'AMBASSADE DU MAROC : ITALIE - ROME '),
(202, 'AMBASSADE DU MAROC : JAPON - TOKYO '),
(203, 'AMBASSADE DU MAROC : JORDANIE -AMMAN  '),
(204, 'AMBASSADE DU MAROC : KENYA - NAIROBI '),
(205, 'AMBASSADE DU MAROC : KOWEÏT -KOWEÏT  '),
(206, 'AMBASSADE DU MAROC : LIBYE - LIBYE '),
(207, 'AMBASSADE DU MAROC : LIBYE - TRIPOLI '),
(208, 'AMBASSADE DU MAROC : MADAGASCAR - ANTANANARIVO '),
(209, 'AMBASSADE DU MAROC : MALAISIE- KUALA LUMPUR  '),
(210, 'AMBASSADE DU MAROC : MALI - BAMAKO '),
(211, 'AMBASSADE DU MAROC : MAURITANIE- NOUAKCHOTT '),
(212, 'AMBASSADE DU MAROC : MEXIQUE- MEXICO '),
(213, 'AMBASSADE DU MAROC : NIGER- NIAMEY '),
(214, 'AMBASSADE DU MAROC : NIGERIA - ABUJA '),
(215, 'AMBASSADE DU MAROC : NORVÈGE- OSLO '),
(216, 'AMBASSADE DU MAROC : PAKISTAN- ISLAMABAD '),
(217, 'AMBASSADE DU MAROC : PALESTINE- GHAZZA  '),
(218, 'AMBASSADE DU MAROC : PAYS-BAS - LA HAYE    '),
(219, 'AMBASSADE DU MAROC : PÉROU -LIMA  '),
(220, 'AMBASSADE DU MAROC : POLOGNE - VARSOVIE   '),
(221, 'AMBASSADE DU MAROC : QATAR- DOHA   '),
(222, 'AMBASSADE DU MAROC : PORTUGAL - LISBONNE '),
(223, 'AMBASSADE DU MAROC :  REP .DOMINICAINE -SAINT DOMINIQUE  '),
(224, 'AMBASSADE DU MAROC :  RÉPUBLIQUE CENTRAFRICAINE '),
(226, 'AMBASSADE DU MAROC :  RUSSIE - MOSCOU '),
(227, 'AMBASSADE DU MAROC :  SAINT SIÈGE - VATICAN '),
(228, 'AMBASSADE DU MAROC :  SERBIE ET MONTÉNÉGRO - BELGRADE '),
(229, 'AMBASSADE DU MAROC :  SOUDAN -KHARTOUM '),
(230, 'AMBASSADE DU MAROC :  SUÉDÉ -STOCKHOLM  '),
(231, 'AMBASSADE DU MAROC :  SUISSE -BERNE '),
(232, 'AMBASSADE DU MAROC :  SULTANAT  OMAN -MASCATE  '),
(233, 'AMBASSADE DU MAROC :  SYRIE - DAMAS '),
(234, 'AMBASSADE DU MAROC :  TCHÈQUE - PRAGUE '),
(235, 'AMBASSADE DU MAROC :  THAÏLANDE - BANGKOK  '),
(236, 'AMBASSADE DU MAROC :  TUNISIE - TUNISIE '),
(237, 'AMBASSADE DU MAROC :  TURQUIE - ANKARA '),
(238, 'AMBASSADE DU MAROC :  UKRAINE - KIEV '),
(239, 'AMBASSADE DU MAROC :  VIETNAM - HANOÏ '),
(240, 'AMBASSADE DU MAROC :  YÉMEN - SANAA '),
(241, 'AMBASSADE DU MAROC :  SÉNÉGAL- DAKAR   '),
(242, '-البعثة الائمة للمملكة المغربية لدى الامم المتحد-ة نيويورك '),
(243, 'Administration des Douanes et Impots Indirects '),
(244, 'MAEC / DIRECTION DE LA COOPÉRATION ET DE L''ACTION CULTURELLES    '),
(245, 'AMBASSADE DU MAROC :  ILES DES COMORES - MADAGASCAR '),
(246, 'Agence SAFARI VOYAGES'),
(247, 'Ministère chargé des marocaines résidant à l''étrangers  '),
(248, 'دار الحديث الحسنية'),
(249, 'Ambassade de la République de Turquie'),
(250, 'MAEC/  Académie Marocaine des études Diplomatique  '),
(449, 'MAEC / Direction des affaires africaines '),
(251, 'Institut National de Statistique et d''Economie Appliquée'),
(252, 'maroc telecom'),
(253, 'CNSS'),
(254, 'CNOPS'),
(255, 'Ambassade : Irak - Rabat -'),
(256, 'Ambassade : katar - Rabat -                                                  Ambassade : Quatar - Rabat -                                                                                                                                                      '),
(257, 'BMCE - Agence Alexandrie -'),
(258, 'MAEC/ Direction des ressources Humaines  '),
(448, 'JICA / agence japonaise de coopération internationale '),
(259, 'Monsieur l''Ambassadeur de Sa Majesté le Roi -Castries-'),
(260, 'AMBASSADE : cote d''ivoire  '),
(261, 'faculté des sciences d''oujda '),
(262, 'MAEC / Direction des affaires consulaires et sociales '),
(450, 'INSAP/ INSTITUT NATIONAL DES SCIENCES DE L''ARCHÉOLOGIQUE  ET DU PATRIMOINE '),
(263, 'AMBASSADE : Yémen -Sanaa   '),
(264, 'AMBASSADE : tchèque -Prague '),
(265, 'AMBASSADE : Thaïlande - Bangkok '),
(266, 'AMBASSADE : Tunisie - Tunisie '),
(267, 'AMBASSADE : Turquie -Ankara '),
(268, 'AMBASSADE : Ukraine -kiev'),
(269, 'RESTAURANT LA TERRAZZA '),
(270, 'Consulat honoraire du république du Kenya au Maroc  '),
(271, 'G4 Maroc '),
(272, 'وزارة الاوقاف والشؤون الاسلامية'),
(273, 'Ecole Roi fahd de traduction '),
(274, 'CTB/ Maroc '),
(275, 'AMBASSADE : suède  '),
(276, 'société MAX AFFAIRE '),
(277, 'AMBASSADE : soudan- rabat'),
(278, 'AMBASSADE : syrie -rabat'),
(279, 'AMBASSADE :somali -rabat'),
(280, 'BRICOMA'),
(281, 'AMBASSADE : Slovénie '),
(282, 'AMBASSADE : Swaziland - non résidant  '),
(283, 'Mme la Directrice de la Coopération et de l''Action Culturelles -Ministére-'),
(284, 'الحي الجامعي الدولي '),
(285, 'المركز الدولي للغات'),
(286, 'CUI'),
(287, 'CIL'),
(288, 'Ambassade du Maroc : New york'),
(289, 'Ministre Conseiller de la Coopération au Développement Ambassade de Belgique'),
(290, 'POSTE MAROC '),
(291, 'Centre hospitalier iben sina '),
(292, 'papeterie la capitale'),
(293, 'JET EQUIPEMENT '),
(294, 'ALPHA BUREAU SARL'),
(295, 'Ecole Supérieure Roi Fahd de Traduction - Tanger -'),
(296, 'Académie Marocaine des Etudes Diplomatiques'),
(297, 'CARMEN CONCEPT'),
(298, 'Hopital Militaire Instruction Mohammed V'),
(299, 'Ambassade : Congo Démocratique - Rabat -'),
(300, 'Ambassade : Suisse - Rabat -'),
(301, 'كلية الاداب و العلوم الانسانية - الرباط -'),
(302, 'Faculté des Sciences et Techniques - Settat -'),
(303, 'RMA WATANYA'),
(304, 'université Mohammed  V - Agdal / La présidence '),
(305, 'GLOBES TECHNOLOGIES '),
(422, 'السيد رئيس الحكومة '),
(307, 'I.A.V. /INSTITUT AGRONOMIQUE ET VITERINAIRES   HASSAN II'),
(308, 'OFPPT / OFFICE NATIONALE DE ELECTRICITÉ ET DE L''EAU POTABLE   '),
(309, 'MAEC/ Direction des affaires asiatique et Océanie   '),
(310, '. المكتب النقابي للوكالة المغربية للتعاون الدولي االاتحاد الوطني للشغل بالمغرب  '),
(311, 'النقابة الشعبية للماجورين . المكتب النقابي للوكالة المغربية للتعاون الدولي '),
(312, 'Monsieur l''Ambassadeur , Directeur des Affaires Européennes'),
(313, 'fondation OCP'),
(314, 'IFP - Casablanca -'),
(315, 'HOTEL Mercure'),
(316, 'selemab sarl'),
(317, 'ecole Nationale de la Santé publique '),
(318, 'Autre '),
(319, 'centre National d''Innovation pédagogique et d''Expérimentation '),
(320, 'Monsieur le directeur des Affaires Financiéres , des systémes d''Iformation et de la logistique- Ministére-'),
(321, 'AXA ASSURANCE'),
(322, 'القيادة العليا للدرك الملكي - الرباط -'),
(323, 'السيد والي جهة الرباط -سلا زمور -زعير'),
(324, 'caisse Marocaine des Retraites - Rabat -'),
(325, 'AMBASSADE DU MAROC : saint kitts- kastries '),
(326, 'Ministère de tourisme  / Institut spécialisé de technologie appliqué et hôtelier  et touristique - Agadir-'),
(327, 'AMBASSADE : GUINÉE CONAKRY  '),
(328, 'ASGCOM'),
(329, 'AMBASSADE :  Vietnam '),
(330, 'cnra'),
(331, 'mgpapm'),
(332, 'sntl'),
(333, 'MONSIEUR LE CHEF DE DEPARTEMENT DE LA COOPERATION TECHNIQUE ET TRIANGULAIRE'),
(334, 'MONSIEUR LE CHEF DE DEPARTEMENT DE LA COOPeRATION TECHNIQUE ET TRIANGULAIRE'),
(335, 'monsieur le chef de département des programmes des bourses'),
(336, 'monsieur le chef de département des etudes et de la recherche'),
(337, 'df'),
(338, 'Monsieur le chef de département des affaires générale'),
(339, 'université abdelmalek essaadi / Faculté des sciences et technique '),
(340, 'AMBASSADE : pays-bas '),
(341, 'société PC CARE'),
(342, 'Société BEST-SUPPLIER'),
(343, 'société wold discount'),
(344, 'société divers '),
(345, 'AMBASSADE : bolivarienne du Venezuela '),
(346, 'Ministère de l’économie et des finances / Administration des douanes et impôts indirects  '),
(347, 'université cadi ayyad -marrakech- la présidence '),
(348, 'université hassan II MOHAMMEDIA Casablanca / Faculté des sciences juridique Economiques et sociales / MOHAMMEDIA '),
(349, 'REDAL '),
(350, 'Société Shell du Maroc'),
(351, 'السيد مدير المعهد العالي للقضاء'),
(352, 'MAEC / DIRECTION DE LA DIPLOMATIE PUBLIQUE ET DES ACTEURS ÉTATIQUES '),
(353, 'office des changes - Rabat-'),
(354, 'الوزارة المكلفة بالمغاربة المقيمين في الخارج'),
(355, 'Monsieur le Chargé d''Affaires - Ndjaména-'),
(356, 'Institut National de Recherche Agronomique'),
(357, 'السيد رئيس جمعية الاعمال الاجتماعية -الوزارة-'),
(358, 'Monsieur l''Ambassadeur ,Directeur du protocole'),
(359, 'MAEC / Direction de la coopération multilatérale et des affaires Economiques internationalses'),
(360, 'MAEC / direction des affaires juridiques et des traités  '),
(361, 'directeur de l''Ecole Nationale d''Architecture'),
(362, 'السيد مدير الحديقة الوطنية للحيوانات'),
(363, 'السيد مدير متحف النقود ببنك المغرب'),
(364, 'السيد مدير " MAGIC PARC"'),
(365, 'السيد محافظ مؤسسة مسجد الحسن الثاني - الدار البيضاء'),
(366, 'PORT AUTONOME DENOUADHIBOU'),
(367, 'AMBASSADE : NIGERIA'),
(368, 'OCP'),
(369, 'الجمعية المغربية لمساندة الكفاح الفلسطيني'),
(370, 'banque islamique de développement  '),
(371, 'AMBASSADE : roumanie'),
(372, 'centre de formation en mécanisation agricole / IVA hassan II'),
(373, ' forces armé royal / inspection du service de santé '),
(374, 'DÉLÉGATION WALLONIE - BRUXELLES '),
(375, 'ISPITS  / INSTITUT SUP DES PROFESSEURS INFIRMIÈRES ET DES TECHNIQUE DE SANTÉS / RABAT  '),
(376, 'afriquia SMDC'),
(377, 'ONOUSC'),
(378, 'agence pour la promotion et développement Economique et social des provinces du sud du royaume  '),
(379, 'ASSOCIATION '),
(380, 'جمعية '),
(381, 'union des Comores '),
(382, 'ECOLE SUPÉRIEUR DE TECHNOLOGIE '),
(383, 'مدرسة دار العلوم الاسلامية '),
(384, 'AMBASSADE : du Togo  non résident '),
(385, 'AMBASSADE : Togo  non résident '),
(386, 'AMBASSADE DU MAROC : OUMMAN /MASCAT '),
(387, 'faculté des sciences et techniques / TANGER '),
(388, 'direction de la Sureté Nationale'),
(389, 'كلية اصول المغرب  تطوان '),
(390, 'faculté des sciences meknes '),
(391, 'scolaire privé'),
(392, 'AMBASSADE :  Tchad '),
(393, 'fondation Mohammed V pour la solidarité '),
(394, 'Centre des Sciences et Techniques de l''Electricité -Casa-'),
(395, 'Monsieur le Trésorier des Chancelleries diplomatiques et Consulaires'),
(396, ' المحكمة الابتدائية بالرباط'),
(397, 'université my smail meknes '),
(398, 'CLUB AFRIQUE INTÉGRATION '),
(399, 'IRES /INSTITUT ROYAL DES ETUDES STRATÉGIQUE '),
(400, 'sps'),
(401, 'institut supérieur de la magistrat ion '),
(402, 'EDM / ENERGIE DU MALI '),
(403, 'ISESCO'),
(404, 'السيخ محمد الحافظ النحوي '),
(405, 'اتحاد الغرب العربي - الامانة العامة - الرباط'),
(406, 'office National des Aéroports '),
(407, 'ministére de la fonction publique et de la Modernisation de l''Administration '),
(408, 'institut supérieur des Etudes Maritimes -Casa-'),
(409, 'ecole hassania des Travaux public - Casa -'),
(410, 'AGENCE Japonaise de Coopération Internationale'),
(411, 'TRAD COMPTOIR'),
(412, 'ecole Nationale Forestiére d''Ingénieurs'),
(413, 'AMBASSADE DU MAROC : Afghanistan / Islamabad '),
(414, 'Institut supérieur de l''Information et de la communication'),
(415, 'faculté des lettres et des Sciences Humaines '),
(416, 'AMBASSADE DU MAROC : LIBAN / BEYROUT'),
(417, 'centre national de l’énergie des sciences et des technique nucléaires '),
(418, 'médecin directeur du Bureau d''Hygiéme '),
(419, 'ets moumen techique'),
(420, 'Ecole national supérieure de des mines de rabat '),
(421, 'monsieur le directeur des affaires Consulaires et sociales'),
(423, 'aumbassade du Maroc : tchad  N''Djamena'),
(424, 'ambassade du Maroc : tchad  N''Djamena'),
(425, 'ambassade : de Haiti / non résident '),
(426, 'ambassade : Haiti / non résident '),
(427, 'république de Tchad '),
(428, 'ambassade : tchad - Rabat-'),
(429, 'ambassade du Maroc : Madrid'),
(430, 'السيد مدبر المعهد الوطني للتهيئة والتعمير '),
(431, 'ENFI/ ECOLE NATIONALE FORESTIÈRE INGÉNIEURS '),
(432, 'hôtel golden tulip farah / rabat '),
(433, 'AMBASSADE DU MAROC : l''inde /New Delhi'),
(434, 'parlement/ chambre des représentants '),
(435, 'السيد مدبر المعهد الوطني  لعلوم الاثار والثرات '),
(436, 'السيد رئيس رابطة علماء المغرب والسنغال '),
(437, 'pure morocco'),
(438, 'institut National d''Aménagement et d''Urbanisme'),
(439, 'ANAPEC'),
(440, 'السيد الكاتب العام -الوزارة-'),
(441, 'centre d''Orientation et de planification de l''education'),
(442, 'السيد مدير المدرسة الغابوية للمهندسين - سلا -'),
(443, 'المعهد الوطني لتكوين الاطر - سلا-'),
(444, 'centre de Vacances Kahrama'),
(445, 'centre de vacances CNSS'),
(446, 'CRASTE/centre régional africain des sciences et technologies de l''espace en langue française  '),
(447, 'MAEC/ direction des affaires américaines '),
(451, 'كلية العلوم القانونية والاقتصادية والاجتماعية - سلا'),
(452, 'office National des Oeuvres universitaires, sociles et culturelles '),
(453, 'Ambassade du Maroc : abuja'),
(454, 'INSP/ INSTITUT NATIONAL DE LA SANTE PUBLIQUE '),
(455, 'fondation lalla salma prévention et traitement des cancers '),
(456, 'AMBASSADE : cape vert '),
(457, 'direction des douanes et impôts indirects '),
(458, 'union européenne '),
(459, 'AMBASSADE : Serbie '),
(460, 'bank al-maghrib'),
(461, 'conseil supérieur des imams en cote d''ivoire '),
(462, 'CESAM'),
(463, 'المنظمة العربية للتنمية الصناعية والتعدين'),
(464, 'ENA'),
(465, 'ANP/ AGENCE NATIONALE DES PORTS '),
(466, 'institut de fourmation aux Engins et à l''entretien routier'),
(467, 'faculté des sciences de l''éducation '),
(468, 'ALECSO'),
(469, 'inspection du service de la santé '),
(470, 'CTB/ agence belge de développement '),
(471, 'MAEC/ direction des affaires européennes '),
(472, 'ORGANISATION INTERNATIONALE POUR LES MIGRATIONS '),
(473, 'institut dar al hadite al hassania '),
(474, 'université HASSAN I / SETTAT'),
(475, 'MMVI / MUSÉE MOHAMMED VI'),
(476, 'centre régional africain des sciences et technologies de l''espace en langue française  '),
(477, 'Centre hospitalier Hassan II'),
(478, 'ONEP'),
(479, 'mohammed hajjaji avocat  '),
(480, 'université allal ben abdellah fes '),
(481, 'dotation '),
(482, 'itinéraire ');

-- --------------------------------------------------------

--
-- Structure de la table `utilisateur`
--

CREATE TABLE IF NOT EXISTS `utilisateur` (
  `id` int(11) NOT NULL AUTO_INCREMENT,
  `login` varchar(255) CHARACTER SET utf8 DEFAULT NULL,
  `password` varchar(255) CHARACTER SET utf8 DEFAULT NULL,
  `email` varchar(255) CHARACTER SET utf8 DEFAULT NULL,
  `first_name` varchar(255) CHARACTER SET utf8 DEFAULT NULL,
  `last_name` varchar(255) CHARACTER SET utf8 DEFAULT NULL,
  `is_admin` int(11) DEFAULT NULL,
  `profil_id` int(11) NOT NULL,
  `fonction_id` int(11) NOT NULL,
  `created_at` datetime DEFAULT NULL,
  PRIMARY KEY (`id`),
  KEY `utilisateur_FI_1` (`profil_id`),
  KEY `utilisateur_FI_2` (`fonction_id`)
) ENGINE=MyISAM  DEFAULT CHARSET=latin1 AUTO_INCREMENT=47 ;

--
-- Contenu de la table `utilisateur`
--

INSERT INTO `utilisateur` (`id`, `login`, `password`, `email`, `first_name`, `last_name`, `is_admin`, `profil_id`, `fonction_id`, `created_at`) VALUES
(25, 'admin', 'a66abb5684c45962d887564f08346e8d', 'hasnaeighrach@gmail.com', 'admin', 'admin', 1, 22, 4, NULL),
(24, 'noureddine', 'e10adc3949ba59abbe56e057f20f883e', 'tahiri.zakaria@hotmail.fr', 'noureddine', 'massaoudi', 0, 22, 4, NULL),
(26, 'DF', 'e10adc3949ba59abbe56e057f20f883e', 'tahiri.zakaria@hotmail.fr', 'df', 'df', 0, 23, 2, NULL),
(27, 'naima', 'e10adc3949ba59abbe56e057f20f883e', 'tahiri.zakaria@hotmail.fr', 'naima', 'naima', 0, 22, 4, NULL),
(28, 'fadma', 'bc8804726540e27a4951cdb4f44c201e', 'tahiri.zakaria@hotmail.fr', 'fadma', 'fadma', 0, 22, 4, NULL);
